ticker,since,note,company_name
CBRS,2026-09-20,,Cerebras Systems Inc
TWST,2026-09-20,,Twist Bioscience Corp
QBTS,2026-09-20,,D-Wave Quantum Inc
MMED,2026-09-20,,MiniMed Group Inc
NEO,2026-09-20,,Neogenomics Inc
APMD,2026-09-20,,Apnimed Inc
RDVT,2026-09-20,,Red Violet Inc
NWPX,2026-09-20,,NWPX Infrastructure Inc
FLY,2026-09-20,,Firefly Aerospace Inc
PDEX,2026-09-20,,Pro-Dex Inc
YSWY,2026-09-20,,Yesway Inc
INDV,2026-09-20,,Indivior Pharmaceuticals Inc
EXLS,2026-09-20,,Exlservice Holdings Inc
FEIM,2026-09-20,,Frequency Electronics Inc
NSIT,2026-09-20,,Insight Enterprises Inc
TTMI,2026-09-27,,TTM Technologies Inc
NTSK,2026-09-27,,Netskope Inc
ZETA,2026-10-03,,Zeta Global Holdings Corp
RBRK,2026-10-03,,Rubrik Inc
GNRC,2026-10-03,,Generac Holdings Inc
XMTR,2026-10-10,,Xometry Inc
PENG,2026-10-10,,Penguin Solutions Inc
PRLB,2026-10-10,,Proto Labs Inc
MTRN,2026-10-10,"Strong Watch, Base abwarten",Materion Corp
FORM,2026-10-10,Einstieg über ca. 151 (13W-Hoch),FormFactor Inc
VICR,2026-10-10,"Strong Watch, Base abwarten",Vicor Corp
CDNA,2026-10-10,Case noch prüfen,CareDx Inc
